Job Title,Hyperlink,Vacancy Type,Closing Date,Workplace
Intern in the Optics Section,https://jobs.esa.int/job/Noordwijk-Intern-in-the-Optics-Section/1136072501/,Intern,30 November 2024 23:59 CET/CEST,"Noordwijk, NL"
"Intern in the ESA Director General's Cabinet, Member States Relations",https://jobs.esa.int/job/Paris-Intern-in-the-ESA-Director-General&apos;s-Cabinet%2C-Member-States-Relations/1136090901/,Intern,30 November 2024 23:59 CET/CEST,"Paris, FR"
Intern in the Department of Future Missions & Architecture,https://jobs.esa.int/job/Noordwijk-Intern-in-the-Department-of-Future-Missions-&-Architecture/1136059001/,Intern,30 November 2024 23:59 CET/CEST,"Noordwijk, NL"
Intern in the Satellite Real Time 3D Visualization Tool for Earth Observation,https://jobs.esa.int/job/Noordwijk-Intern-in-the-Satellite-Real-Time-3D-Visualization-Tool-for-Earth-Observation/1136062001/,Intern,30 November 2024 23:59 CET/CEST,"Noordwijk, NL"
Intern in the EGNOS System performance analysis results publication,https://jobs.esa.int/job/Toulouse-Intern-in-the-EGNOS-System-performance-analysis-results-publication/1136054601/,Intern,30 November 2024 23:59 CET/CEST,"Toulouse, FR"
Intern in the Sentinels Radar Imaging Missions Operations Unit,https://jobs.esa.int/job/Darmstadt-Intern-in-the-Sentinels-Radar-Imaging-Missions-Operations-Unit/1136053401/,Intern,30 November 2024 23:59 CET/CEST,"Darmstadt, DE"
"Intern in the Senior Security Coordinator's Office, DG Cabinet",https://jobs.esa.int/job/Paris-Intern-in-the-Senior-Security-Coordinator&apos;s-Office%2C-DG-Cabinet/1136097001/,Intern,30 November 2024 23:59 CET/CEST,"Bruxelles, BE • Paris, FR"
Intern in the Cybersecurity Audits and Framework Integration for Space Navigation Systems,https://jobs.esa.int/job/Noordwijk-Intern-in-the-Cybersecurity-Audits-and-Framework-Integration-for-Space-Navigation-Systems/1136055201/,Intern,30 November 2024 23:59 CET/CEST,"Noordwijk, NL"
Intern in the AI for SBAS System Engineering,https://jobs.esa.int/job/Toulouse-Intern-in-the-AI-for-SBAS-System-Engineering/1136054401/,Intern,30 November 2024 23:59 CET/CEST,"Toulouse, FR"
Intern in the EEE Components Section,https://jobs.esa.int/job/Noordwijk-Intern-in-the-EEE-Components-Section/1136076101/,Intern,30 November 2024 23:59 CET/CEST,"Noordwijk, NL"
"Intern in the Communication Department, New ESA website",https://jobs.esa.int/job/Frascati-Intern-in-the-Communication-Department%2C-New-ESA-website/1136100701/,Intern,30 November 2024 23:59 CET/CEST,"Frascati, IT"
Intern in the Space Environments and Effects Section,https://jobs.esa.int/job/Noordwijk-Intern-in-the-Space-Environments-and-Effects-Section/1136079401/,Intern,30 November 2024 23:59 CET/CEST,"Noordwijk, NL"
"Intern in the Materials, Environments and Contamination Control Section",https://jobs.esa.int/job/Noordwijk-Intern-in-the-Materials%2C-Environments-and-Contamination-Control-Section/1136075601/,Intern,30 November 2024 23:59 CET/CEST,"Noordwijk, NL"
Intern in the Civil Security from Space Office,https://jobs.esa.int/job/Noordwijk-Intern-in-the-Civil-Security-from-Space-Office/1136146101/,Intern,30 November 2024 23:59 CET/CEST,"Noordwijk, NL"
Intern in the Safety and Security from Space Programme Office,https://jobs.esa.int/job/Noordwijk-Intern-in-the-Safety-and-Security-from-Space-Programme-Office/1136148001/,Intern,30 November 2024 23:59 CET/CEST,"Noordwijk, NL"
Intern in the Simulation and correction of straylight for the CO2M polarimeter instrument,https://jobs.esa.int/job/Noordwijk-Intern-in-the-Simulation-and-correction-of-straylight-for-the-CO2M-polarimeter-instrument/1136061401/,Intern,30 November 2024 23:59 CET/CEST,"Noordwijk, NL"
"Intern in the Earth Observation Department, Simulation and Performance Analysis of the FORUM payload",https://jobs.esa.int/job/Noordwijk-Intern-in-the-Earth-Observation-Department%2C-Simulation-and-Performance-Analysis-of-the-FORUM-payload/1136060001/,Intern,30 November 2024 23:59 CET/CEST,"Noordwijk, NL"
"Intern in the Mission Analysis Section, Safety Analysis for In-orbit Servicing Missions",https://jobs.esa.int/job/Darmstadt-Intern-in-the-Mission-Analysis-Section%2C-Safety-Analysis-for-In-orbit-Servicing-Missions/1136052601/,Intern,30 November 2024 23:59 CET/CEST,"Darmstadt, DE"
"Intern in the Climate Action, Sustainability and Science Department, Educational Device Development",https://jobs.esa.int/job/Frascati-Intern-in-the-Climate-Action%2C-Sustainability-and-Science-Department%2C-Educational-Device-Development/1136064601/,Intern,30 November 2024 23:59 CET/CEST,"Frascati, IT"
Intern in the Data sciences applied to satellite telecommunication market analysis and intelligence,https://jobs.esa.int/job/Noordwijk-Intern-in-the-Data-sciences-applied-to-satellite-telecommunication-market-analysis-and-intelligence/1136147001/,Intern,30 November 2024 23:59 CET/CEST,"Noordwijk, NL"
Intern in the Advanced Manufacturing Technologies,https://jobs.esa.int/job/Noordwijk-Intern-in-the-Advanced-Manufacturing-Technologies/1136071301/,Intern,30 November 2024 23:59 CET/CEST,"Noordwijk, NL"
"Intern in the Copernicus Space Office, Copernicus Space Component sustainability",https://jobs.esa.int/job/Frascati-Intern-in-the-Copernicus-Space-Office%2C-Copernicus-Space-Component-sustainability/1136058001/,Intern,30 November 2024 23:59 CET/CEST,"Frascati, IT"
Intern in the Mission Management and Ground Segment Department,https://jobs.esa.int/job/Frascati-Intern-in-the-Mission-Management-and-Ground-Segment-Department/1136065901/,Intern,30 November 2024 23:59 CET/CEST,"Frascati, IT"
"Intern in the Mission Analysis Section, GPU Based Algorithms",https://jobs.esa.int/job/Darmstadt-Intern-in-the-Mission-Analysis-Section%2C-GPU-Based-Algorithms/1136052101/,Intern,30 November 2024 23:59 CET/CEST,"Darmstadt, DE"
Intern in the ESA's Advanced Concepts Team,https://jobs.esa.int/job/Noordwijk-Intern-in-the-ESA&apos;s-Advanced-Concepts-Team/1136080701/,Intern,30 November 2024 23:59 CET/CEST,"Noordwijk, NL"
Intern in the Earth Observation Market Intelligence,https://jobs.esa.int/job/Frascati-Intern-in-the-Earth-Observation-Market-Intelligence/1136063901/,Intern,30 November 2024 23:59 CET/CEST,"Frascati, IT"
Intern in the Electrical Components Laboratory,https://jobs.esa.int/job/Noordwijk-Intern-in-the-Electrical-Components-Laboratory/1136068501/,Intern,30 November 2024 23:59 CET/CEST,"Noordwijk, NL"
Intern in the Galileo Ground Segment,https://jobs.esa.int/job/Noordwijk-Intern-in-the-Galileo-Ground-Segment/1136056001/,Intern,30 November 2024 23:59 CET/CEST,"Noordwijk, NL"
Intern in the Energy storage section,https://jobs.esa.int/job/Noordwijk-Intern-in-the-Energy-storage-section/1136078601/,Intern,30 November 2024 23:59 CET/CEST,"Noordwijk, NL"
"Intern in Earth Observation Department, Analysis of Scalloping Effects in Synthetic Aperture Radar",https://jobs.esa.int/job/Noordwijk-Intern-in-Earth-Observation-Department%2C-Analysis-of-Scalloping-Effects-in-Synthetic-Aperture-Radar/1136062501/,Intern,30 November 2024 23:59 CET/CEST,"Noordwijk, NL"
Intern in the Radio Navigation Systems and Techniques Section,https://jobs.esa.int/job/Noordwijk-Intern-in-the-Radio-Navigation-Systems-and-Techniques-Section/1136082701/,Intern,30 November 2024 23:59 CET/CEST,"Noordwijk, NL"
Intern in the Space Mechanisms,https://jobs.esa.int/job/Noordwijk-Intern-in-the-Space-Mechanisms/1136071001/,Intern,30 November 2024 23:59 CET/CEST,"Noordwijk, NL"
"Intern in the Climate Action, Sustainability and Science Department, Mission Performance Simulation",https://jobs.esa.int/job/Noordwijk-Intern-in-the-Climate-Action%2C-Sustainability-and-Science-Department%2C-Mission-Performance-Simulation/1136065001/,Intern,30 November 2024 23:59 CET/CEST,"Noordwijk, NL"
"Intern in the Independent Safety Office, Space Debris Mitigation",https://jobs.esa.int/job/Noordwijk-Intern-in-the-Independent-Safety-Office%2C-Space-Debris-Mitigation/1136069901/,Intern,30 November 2024 23:59 CET/CEST,"Noordwijk, NL"
Intern in the GNC and AOCS Division,https://jobs.esa.int/job/Noordwijk-Intern-in-the-GNC-and-AOCS-Division/1136080401/,Intern,30 November 2024 23:59 CET/CEST,"Noordwijk, NL"
Intern in the Flight Software Section,https://jobs.esa.int/job/Noordwijk-Intern-in-the-Flight-Software-Section/1136066801/,Intern,30 November 2024 23:59 CET/CEST,"Noordwijk, NL"
"Intern in the Communication Department, Communication activities at ESA HQ",https://jobs.esa.int/job/Paris-Intern-in-the-Communication-Department%2C-Communication-activities-at-ESA-HQ/1136102601/,Intern,30 November 2024 23:59 CET/CEST,"Paris, FR"
Intern in the Antenna and Sub-millimetre Waves Section,https://jobs.esa.int/job/Noordwijk-Intern-in-the-Antenna-and-Sub-millimetre-Waves-Section/1136077801/,Intern,30 November 2024 23:59 CET/CEST,"Noordwijk, NL"
Intern in the Life Support and Physical Sciences Instrumentation Section,https://jobs.esa.int/job/Noordwijk-Intern-in-the-Life-Support-and-Physical-Sciences-Instrumentation-Section/1136073101/,Intern,30 November 2024 23:59 CET/CEST,"Noordwijk, NL"
Intern in the Chemical Propulsion test practices,https://jobs.esa.int/job/Noordwijk-Intern-in-the-Chemical-Propulsion-test-practices/1136074601/,Intern,30 November 2024 23:59 CET/CEST,"Noordwijk, NL"
"Intern in the Mission Analysis Section, Web Services Development",https://jobs.esa.int/job/Darmstadt-Intern-in-the-Mission-Analysis-Section%2C-Web-Services-Development/1136032201/,Intern,30 November 2024 23:59 CET/CEST,"Darmstadt, DE"
"Intern in the Science Engagement and Oversight Office, Elongated Crater Origins on Mars",https://jobs.esa.int/job/Noordwijk-Intern-in-the-Science-Engagement-and-Oversight-Office%2C-Elongated-Crater-Origins-on-Mars/1136085701/,Intern,30 November 2024 23:59 CET/CEST,"Noordwijk, NL"
Intern in the Augmented Reality for SAR Interferometry,https://jobs.esa.int/job/Noordwijk-Intern-in-the-Augmented-Reality-for-SAR-Interferometry/1136065401/,Intern,30 November 2024 23:59 CET/CEST,"Noordwijk, NL"
"Intern in the Science Engagement and Oversight Office, Euclid Mission Science Communication",https://jobs.esa.int/job/Noordwijk-Intern-in-the-Science-Engagement-and-Oversight-Office%2C-Euclid-Mission-Science-Communication/1136084801/,Intern,30 November 2024 23:59 CET/CEST,"Noordwijk, NL"
"Intern in the Space for 5G/6G Strategic Programme Line, 5G/6G NTN Programme Office",https://jobs.esa.int/job/Harwell-Intern-in-the-Space-for-5G6G-Strategic-Programme-Line%2C-5G6G-NTN-Programme-Office/1136145201/,Intern,30 November 2024 23:59 CET/CEST,"Harwell, GB"
"Intern in the RAMS section, Reliability modelling support",https://jobs.esa.int/job/Noordwijk-Intern-in-the-RAMS-section%2C-Reliability-modelling-support/1136070001/,Intern,30 November 2024 23:59 CET/CEST,"Noordwijk, NL"
Intern in the Copernicus Space Office,https://jobs.esa.int/job/Frascati-Intern-in-the-Copernicus-Space-Office/1136057801/,Intern,30 November 2024 23:59 CET/CEST,"Frascati, IT"
Intern in the Aerothermodynamics and Flight Vehicles Engineering Section,https://jobs.esa.int/job/Noordwijk-Intern-in-the-Aerothermodynamics-and-Flight-Vehicles-Engineering-Section/1136073801/,Intern,30 November 2024 23:59 CET/CEST,"Noordwijk, NL"
Intern in the Emerging Technology Innovation,https://jobs.esa.int/job/Noordwijk-Intern-in-the-Emerging-Technology-Innovation/1136059401/,Intern,30 November 2024 23:59 CET/CEST,"Noordwijk, NL"
Intern in the Language Services and Minute-Writing Division,https://jobs.esa.int/job/Paris-Intern-in-the-Language-Services-and-Minute-Writing-Division/1136104901/,Intern,30 November 2024 23:59 CET/CEST,"Paris, FR"
"Intern in the Climate Action, Sustainability and Science Department",https://jobs.esa.int/job/Frascati-Intern-in-the-Climate-Action%2C-Sustainability-and-Science-Department/1136063401/,Intern,30 November 2024 23:59 CET/CEST,"Frascati, IT"
"Intern in the Systems Department, Small sat and Cubesat System Engineering",https://jobs.esa.int/job/Noordwijk-Intern-in-the-Systems-Department%2C-Small-sat-and-Cubesat-System-Engineering/1136067701/,Intern,30 November 2024 23:59 CET/CEST,"Noordwijk, NL"
Intern in the Galileo Ground Segment Management Office,https://jobs.esa.int/job/Noordwijk-Intern-in-the-Galileo-Ground-Segment-Management-Office/1136056701/,Intern,30 November 2024 23:59 CET/CEST,"Noordwijk, NL"
Intern in the Power Management and Distribution Section,https://jobs.esa.int/job/Noordwijk-Intern-in-the-Power-Management-and-Distribution-Section/1136079201/,Intern,30 November 2024 23:59 CET/CEST,"Noordwijk, NL"
Intern in the ESA Academy,https://jobs.esa.int/job/Redu-Intern-in-the-ESA-Academy/1136082001/,Intern,30 November 2024 23:59 CET/CEST,"Redu, BE"
"Intern in the Satellite Programmes Department, Greek National Telecom Satellite",https://jobs.esa.int/job/Noordwijk-Intern-in-the-Satellite-Programmes-Department%2C-Greek-National-Telecom-Satellite/1136142501/,Intern,30 November 2024 23:59 CET/CEST,"Noordwijk, NL"
Intern in the Electrical Department,https://jobs.esa.int/job/Noordwijk-Intern-in-the-Electrical-Department/1136077401/,Intern,30 November 2024 23:59 CET/CEST,"Noordwijk, NL"
Intern in the Thermal Analysis and Verification Section,https://jobs.esa.int/job/Noordwijk-Intern-in-the-Thermal-Analysis-and-Verification-Section/1136075101/,Intern,30 November 2024 23:59 CET/CEST,"Noordwijk, NL"
Intern in the LEO-PNT Project,https://jobs.esa.int/job/Noordwijk-Intern-in-the-LEO-PNT-Project/1136057301/,Intern,30 November 2024 23:59 CET/CEST,"Noordwijk, NL"
"Intern in the Director General's Cabinet, ESA Archives",https://jobs.esa.int/job/Frascati-Intern-in-the-Director-General&apos;s-Cabinet%2C-ESA-Archives/1136095001/,Intern,30 November 2024 23:59 CET/CEST,"Frascati, IT"
"Intern in the ESA NAV-S Office, AI-Driven Document Integrity Validation Development",https://jobs.esa.int/job/Noordwijk-Intern-in-the-ESA-NAV-S-Office%2C-AI-Driven-Document-Integrity-Validation-Development/1136055701/,Intern,30 November 2024 23:59 CET/CEST,"Noordwijk, NL"
"Intern in the Climate Action, Sustainability and Science Department, WorldCereal System",https://jobs.esa.int/job/Frascati-Intern-in-the-Climate-Action%2C-Sustainability-and-Science-Department%2C-WorldCereal-System/1136064101/,Intern,30 November 2024 23:59 CET/CEST,"Frascati, IT"
"Intern in the Communication Department, ESA Brand Outreach Office",https://jobs.esa.int/job/Frascati-Intern-in-the-Communication-Department%2C-ESA-Brand-Outreach-Office/1136108801/,Intern,30 November 2024 23:59 CET/CEST,"Frascati, IT"
"Intern in the Communication Department, Marketing, Merchandising & Logistics Projects Development",https://jobs.esa.int/job/Frascati-Intern-in-the-Communication-Department%2C-Marketing%2C-Merchandising-&-Logistics-Projects-Development/1136107201/,Intern,30 November 2024 23:59 CET/CEST,"Frascati, IT"
Intern in the AI and Data Science section,https://jobs.esa.int/job/Noordwijk-Intern-in-the-AI-and-Data-Science-section/1136067201/,Intern,30 November 2024 23:59 CET/CEST,"Noordwijk, NL"
"Intern in the Earth Observation Department, Estimation of per-pixel uncertainties",https://jobs.esa.int/job/Noordwijk-Intern-in-the-Earth-Observation-Department%2C-Estimation-of-per-pixel-uncertainties/1136060601/,Intern,30 November 2024 23:59 CET/CEST,"Noordwijk, NL"
Intern in the Systems Department,https://jobs.esa.int/job/Noordwijk-Intern-in-the-Systems-Department/1136068101/,Intern,30 November 2024 23:59 CET/CEST,"Noordwijk, NL"
Intern in the Destination Earth and Copernicus Activities,https://jobs.esa.int/job/Frascati-Intern-in-the-Destination-Earth-and-Copernicus-Activities/1136059601/,Intern,30 November 2024 23:59 CET/CEST,"Frascati, IT"
Intern in the Technology Department on Advanced Data Handling & Processing Hardware,https://jobs.esa.int/job/Noordwijk-Intern-in-the-Technology-Department-on-Advanced-Data-Handling-&-Processing-Hardware/1136076701/,Intern,30 November 2024 23:59 CET/CEST,"Noordwijk, NL"
"Intern in the Earth Observation Department, System Modelling for Satellite Onboard AI Functionality",https://jobs.esa.int/job/Noordwijk-Intern-in-the-Earth-Observation-Department%2C-System-Modelling-for-Satellite-Onboard-AI-Functionality/1136060901/,Intern,30 November 2024 23:59 CET/CEST,"Noordwijk, NL"
"Intern in the STEM Education and Outreach Unit, ESA Education Office",https://jobs.esa.int/job/Redu-Intern-in-the-STEM-Education-and-Outreach-Unit%2C-ESA-Education-Office/1136081201/,Intern,30 November 2024 23:59 CET/CEST,"Redu, BE"
Intern in the Independent Safety Office,https://jobs.esa.int/job/Noordwijk-Intern-in-the-Independent-Safety-Office/1136069301/,Intern,30 November 2024 23:59 CET/CEST,"Noordwijk, NL"
Intern in the Automation and Robotics Section,https://jobs.esa.int/job/Noordwijk-Intern-in-the-Automation-and-Robotics-Section/1136074301/,Intern,30 November 2024 23:59 CET/CEST,"Noordwijk, NL"
"Intern in the Utilisation and Enabled Science Team, Quantum Biology in Space",https://jobs.esa.int/job/Noordwijk-Intern-in-the-Utilisation-and-Enabled-Science-Team%2C-Quantum-Biology-in-Space/1144469001/,Intern,30 November 2024 23:59 CET/CEST,"Noordwijk, NL"
"Intern in the Utilisation and Enabled Science Team, Quantum sensing and AI",https://jobs.esa.int/job/Noordwijk-Intern-in-the-Utilisation-and-Enabled-Science-Team%2C-Quantum-sensing-and-AI/1144592601/,Intern,30 November 2024 23:59 CET/CEST,"Noordwijk, NL"
"Intern in the Utilisation and Enabled Science Team, X-Ray Facility",https://jobs.esa.int/job/Noordwijk-Intern-in-the-Utilisation-and-Enabled-Science-Team%2C-X-Ray-Facility/1144515401/,Intern,30 November 2024 23:59 CET/CEST,"Noordwijk, NL"
"Intern in the Exploration science team, Moon water extraction and Manufacturing",https://jobs.esa.int/job/Noordwijk-Intern-in-the-Exploration-science-team%2C-Moon-water-extraction-and-Manufacturing/1144113801/,Intern,30 November 2024 23:59 CET/CEST,"Noordwijk, NL"
"Intern in the Future Preparation Group, European and International Stakeholder Relations Team",https://jobs.esa.int/job/Noordwijk-Intern-in-the-Future-Preparation-Group%2C-European-and-International-Stakeholder-Relations-Team/1142134301/,Intern,30 November 2024 23:59 CET/CEST,"Noordwijk, NL"
Intern in the Vulcan Facility,https://jobs.esa.int/job/Harwell-Intern-in-the-Vulcan-Facility/1141306701/,Intern,30 November 2024 23:59 CET/CEST,"Harwell, GB"
"Intern in the Human Exploration Science Team, Life Science Handbook",https://jobs.esa.int/job/Noordwijk-Intern-in-the-Human-Exploration-Science-Team%2C-Life-Science-Handbook/1141302401/,Intern,30 November 2024 23:59 CET/CEST,"Noordwijk, NL"
"Intern in the Lunar Projects Group, Argonaut Program",https://jobs.esa.int/job/Noordwijk-Intern-in-the-Lunar-Projects-Group%2C-Argonaut-Program/1141318801/,Intern,30 November 2024 23:59 CET/CEST,"Noordwijk, NL"
Intern in the Spaceship ECSAT team,https://jobs.esa.int/job/Harwell-Intern-in-the-Spaceship-ECSAT-team/1141297601/,Intern,30 November 2024 23:59 CET/CEST,"Harwell, GB"
"Intern in the Human Exploration Science Team, Space Omics",https://jobs.esa.int/job/Noordwijk-Intern-in-the-Human-Exploration-Science-Team%2C-Space-Omics/1141301101/,Intern,30 November 2024 23:59 CET/CEST,"Noordwijk, NL"
"Intern in the Commercialisation & Innovation team, Lunar Communication & Navigation Services",https://jobs.esa.int/job/Noordwijk-Intern-in-the-Commercialisation-&-Innovation-team%2C-Lunar-Communication-&-Navigation-Services/1141298401/,Intern,30 November 2024 23:59 CET/CEST,"Noordwijk, NL"
"Intern in the LEO and Suborbital Utilisation Team, LEO Services Group",https://jobs.esa.int/job/Noordwijk-Intern-in-the-LEO-and-Suborbital-Utilisation-Team%2C-LEO-Services-Group/1141298901/,Intern,30 November 2024 23:59 CET/CEST,"Noordwijk, NL"
"Intern in the Human Exploration Science Team, In-situ Food Production",https://jobs.esa.int/job/Noordwijk-Intern-in-the-Human-Exploration-Science-Team%2C-In-situ-Food-Production/1141301501/,Intern,30 November 2024 23:59 CET/CEST,"Noordwijk, NL"
"Intern in the Commercialisation & Innovation team, LEO and Lunar Market Analysis",https://jobs.esa.int/job/Noordwijk-Intern-in-the-Commercialisation-&-Innovation-team%2C-LEO-and-Lunar-Market-Analysis/1141347001/,Intern,30 November 2024 23:59 CET/CEST,"Noordwijk, NL"
"Intern in the XR Lab in Human and Robotic Exploration, 3D Modeling and Workflow Optimization",https://jobs.esa.int/job/Porz-Wahn-Intern-in-the-XR-Lab-in-Human-and-Robotic-Exploration%2C-3D-Modeling-and-Workflow-Optimization/1141302701/,Intern,30 November 2024 23:59 CET/CEST,"Porz-Wahn, DE"
"Intern in the Exploration Technologies for Human Spaceflight, LUNA Development",https://jobs.esa.int/job/Porz-Wahn-Intern-in-the-Exploration-Technologies-for-Human-Spaceflight%2C-LUNA-Development/1141304901/,Intern,30 November 2024 23:59 CET/CEST,"Porz-Wahn, DE"
"Intern in the XR Lab in Human and Robotic Exploration, VR Spacewalk Simulator",https://jobs.esa.int/job/Porz-Wahn-Intern-in-the-XR-Lab-in-Human-and-Robotic-Exploration%2C-VR-Spacewalk-Simulator/1141304001/,Intern,30 November 2024 23:59 CET/CEST,"Porz-Wahn, DE"
"Intern in the Space Training Team, Video and Multimedia Production",https://jobs.esa.int/job/Porz-Wahn-Intern-in-the-Space-Training-Team%2C-Video-and-Multimedia-Production/1141477701/,Intern,30 November 2024 23:59 CET/CEST,"Porz-Wahn, DE"
"Intern in the Exploration Technologies for Human Spaceflight, LUNA Utilisation",https://jobs.esa.int/job/Porz-Wahn-Intern-in-the-Exploration-Technologies-for-Human-Spaceflight%2C-LUNA-Utilisation/1141305301/,Intern,30 November 2024 23:59 CET/CEST,"Porz-Wahn, DE"
Intern in the AI Lab in Human and Robotic Exploration,https://jobs.esa.int/job/Porz-Wahn-Intern-in-the-AI-Lab-in-Human-and-Robotic-Exploration/1141304401/,Intern,30 November 2024 23:59 CET/CEST,"Porz-Wahn, DE"
"Intern in the Space Training Team, Machine Learning (CAVES & PANGAEA)",https://jobs.esa.int/job/Porz-Wahn-Intern-in-the-Space-Training-Team%2C-Machine-Learning-%28CAVES-&-PANGAEA%29/1141476201/,Intern,30 November 2024 23:59 CET/CEST,"Porz-Wahn, DE"
"Intern in the Space Training Team, Analytical Toolset (CAVES & PANGAEA)",https://jobs.esa.int/job/Porz-Wahn-Intern-in-the-Space-Training-Team%2C-Analytical-Toolset-%28CAVES-&-PANGAEA%29/1141474401/,Intern,30 November 2024 23:59 CET/CEST,"Porz-Wahn, DE"
"Intern in the Space Training Team, Electronic Fieldbook (CAVES & PANGAEA)",https://jobs.esa.int/job/Porz-Wahn-Intern-in-the-Space-Training-Team%2C-Electronic-Fieldbook-%28CAVES-&-PANGAEA%29/1141475301/,Intern,30 November 2024 23:59 CET/CEST,"Porz-Wahn, DE"
"Intern in the Exploration Technologies for Human Spaceflight, Spaceship EAC",https://jobs.esa.int/job/Porz-Wahn-Intern-in-the-Exploration-Technologies-for-Human-Spaceflight%2C-Spaceship-EAC/1141306101/,Intern,30 November 2024 23:59 CET/CEST,"Porz-Wahn, DE"
"Intern in the XR Lab in Human and Robotic Exploration, Virtual Reality On-Board Training Scenarios",https://jobs.esa.int/job/Porz-Wahn-Intern-in-the-XR-Lab-in-Human-and-Robotic-Exploration%2C-Virtual-Reality-On-Board-Training-Scenarios/1141303501/,Intern,30 November 2024 23:59 CET/CEST,"Porz-Wahn, DE"
"Intern in the Commercialisation & Innovation team, Space Resource Utilisation",https://jobs.esa.int/job/Noordwijk-Intern-in-the-Commercialisation-&-Innovation-team%2C-Space-Resource-Utilisation/1141531301/,Intern,30 November 2024 23:59 CET/CEST,"Noordwijk, NL"
"Intern in the Human Exploration Science Team, Radiation Microbiology",https://jobs.esa.int/job/Noordwijk-Intern-in-the-Human-Exploration-Science-Team%2C-Radiation-Microbiology/1141300301/,Intern,30 November 2024 23:59 CET/CEST,"Noordwijk, NL"
"Intern in the Science Projects Department, interactive spacecraft simulation model for EnVision",https://jobs.esa.int/job/Noordwijk-Intern-in-the-Science-Projects-Department%2C-interactive-spacecraft-simulation-model-for-EnVision/1138380901/,Intern,30 November 2024 23:59 CET/CEST,"Noordwijk, NL"
Intern in the Space Weather Office of ESA's Space Safety Programme,https://jobs.esa.int/job/Darmstadt-Intern-in-the-Space-Weather-Office-of-ESA&apos;s-Space-Safety-Programme/1127901201/,Intern,30 November 2024 23:59 CET/CEST,"Darmstadt, DE"
"Intern in the Science Engagement and Oversight Office, Solar Atmospheric Elemental Composition",https://jobs.esa.int/job/Noordwijk-Intern-in-the-Science-Engagement-and-Oversight-Office%2C-Solar-Atmospheric-Elemental-Composition/1137583901/,Intern,30 November 2024 23:59 CET/CEST,"Noordwijk, NL"
Intern in the Structures Section,https://jobs.esa.int/job/Noordwijk-Intern-in-the-Structures-Section/1137203001/,Intern,30 November 2024 23:59 CET/CEST,"Noordwijk, NL"
"Intern in the Electrical Department, Satellite Communications",https://jobs.esa.int/job/Noordwijk-Intern-in-the-Electrical-Department%2C-Satellite-Communications/1137268601/,Intern,30 November 2024 23:59 CET/CEST,"Noordwijk, NL"
"Intern in the Strategy Office for Commercialisation, Industry and Competitiveness",https://jobs.esa.int/job/Noordwijk-Intern-in-the-Strategy-Office-for-Commercialisation%2C-Industry-and-Competitiveness/1136270301/,Intern,30 November 2024 23:59 CET/CEST,"Noordwijk, NL"
"Intern in the Contracts Department, Division of Science and Exploration",https://jobs.esa.int/job/Noordwijk-Intern-in-the-Contracts-Department%2C-Division-of-Science-and-Exploration/1136271001/,Intern,30 November 2024 23:59 CET/CEST,"Noordwijk, NL"
Intern in the Commercialisation and Technology Contracts Division,https://jobs.esa.int/job/Noordwijk-Intern-in-the-Commercialisation-and-Technology-Contracts-Division/1136271601/,Intern,30 November 2024 23:59 CET/CEST,"Noordwijk, NL"
Intern in the Operations and Ground Segment Contracts Division,https://jobs.esa.int/job/Darmstadt-Intern-in-the-Operations-and-Ground-Segment-Contracts-Division/1136272901/,Intern,30 November 2024 23:59 CET/CEST,"Darmstadt, DE"
Intern in the Industrial Audit Services Office,https://jobs.esa.int/job/Noordwijk-Intern-in-the-Industrial-Audit-Services-Office/1136275501/,Intern,30 November 2024 23:59 CET/CEST,"Noordwijk, NL"
"Intern in the XMM-Newton Operations Section, New approaches for interactive instrument monitoring",https://jobs.esa.int/job/Madrid-Intern-in-the-XMM-Newton-Operations-Section%2C-New-approaches-for-interactive-instrument-monitoring/1136485001/,Intern,30 November 2024 23:59 CET/CEST,"Madrid, ES"
Intern in the Chief Diversity Officer's Office,https://jobs.esa.int/job/Paris-Intern-in-the-Chief-Diversity-Officer&apos;s-Office/1136403301/,Intern,30 November 2024 23:59 CET/CEST,"Paris, FR"
Intern in the Legal Services Department,https://jobs.esa.int/job/Paris-Intern-in-the-Legal-Services-Department/1136405101/,Intern,30 November 2024 23:59 CET/CEST,"Paris, FR"
"Intern in the Strategy Department in the Directorate of Strategy, Legal and External Affairs",https://jobs.esa.int/job/Paris-Intern-in-the-Strategy-Department-in-the-Directorate-of-Strategy%2C-Legal-and-External-Affairs/1136406201/,Intern,30 November 2024 23:59 CET/CEST,"Paris, FR"
Intern in the Climate and Sustainability Office within the Strategy Department,https://jobs.esa.int/job/Paris-Intern-in-the-Climate-and-Sustainability-Office-within-the-Strategy-Department/1136408301/,Intern,30 November 2024 23:59 CET/CEST,"Paris, FR"
"Intern in the Strategic Foresight & Planning Office, in the Strategy Department",https://jobs.esa.int/job/Paris-Intern-in-the-Strategic-Foresight-&-Planning-Office%2C-in-the-Strategy-Department/1136409501/,Intern,30 November 2024 23:59 CET/CEST,"Paris, FR"
"Intern in the Science Engagement and Oversight Office, Remote Operations Support of CESAR",https://jobs.esa.int/job/Madrid-Intern-in-the-Science-Engagement-and-Oversight-Office%2C-Remote-Operations-Support-of-CESAR/1136470701/,Intern,30 November 2024 23:59 CET/CEST,"Madrid, ES"
"Intern in the Science Engagement and Oversight Office, Design of new multimedia contents for CESAR",https://jobs.esa.int/job/Madrid-Intern-in-the-Science-Engagement-and-Oversight-Office%2C-Design-of-new-multimedia-contents-for-CESAR/1136465301/,Intern,30 November 2024 23:59 CET/CEST,"Madrid, ES"
"Intern in the Science Engagement and Oversight Office, CESAR Digital transformation",https://jobs.esa.int/job/Madrid-Intern-in-the-Science-Engagement-and-Oversight-Office%2C-CESAR-Digital-transformation/1136468001/,Intern,30 November 2024 23:59 CET/CEST,"Madrid, ES"
"Intern in the Science Operations Department, Ground model for JUICE on-board memory",https://jobs.esa.int/job/Madrid-Intern-in-the-Science-Operations-Department%2C-Ground-model-for-JUICE-on-board-memory/1136452601/,Intern,30 November 2024 23:59 CET/CEST,"Madrid, ES"
Intern in the Data Science and Archive Division on data tutorials for the JUICE spacecraft cameras,https://jobs.esa.int/job/Madrid-Intern-in-the-Data-Science-and-Archive-Division-on-data-tutorials-for-the-JUICE-spacecraft-cameras/1136450801/,Intern,30 November 2024 23:59 CET/CEST,"Madrid, ES"
"Intern in the XMM-Newton Calibration Team, Science Operations Department",https://jobs.esa.int/job/Madrid-Intern-in-the-XMM-Newton-Calibration-Team%2C-Science-Operations-Department/1136447701/,Intern,30 November 2024 23:59 CET/CEST,"Madrid, ES"
"Intern in the Strategy and Transformation Office, Knowledge Management",https://jobs.esa.int/job/Darmstadt-Intern-in-the-Strategy-and-Transformation-Office%2C-Knowledge-Management/1136520001/,Intern,30 November 2024 23:59 CET/CEST,"Darmstadt, DE"
"Intern in the Deep Space & External Services Section, Mission Operations Department",https://jobs.esa.int/job/Darmstadt-Intern-in-the-Deep-Space-&-External-Services-Section%2C-Mission-Operations-Department/1136513501/,Intern,30 November 2024 23:59 CET/CEST,"Darmstadt, DE"
"Intern in the Solar System & Exploration Missions Division, Mission Operations Department",https://jobs.esa.int/job/Darmstadt-Intern-in-the-Solar-System-&-Exploration-Missions-Division%2C-Mission-Operations-Department/1136513601/,Intern,30 November 2024 23:59 CET/CEST,"Darmstadt, DE"
"Intern in the Inner Solar Systems Missions Operations Unit, Missions Operations Department",https://jobs.esa.int/job/Darmstadt-Intern-in-the-Inner-Solar-Systems-Missions-Operations-Unit%2C-Missions-Operations-Department/1136514001/,Intern,30 November 2024 23:59 CET/CEST,"Darmstadt, DE"
"Intern in the ESA's Space Safety Programme, Space Safety coordination",https://jobs.esa.int/job/Paris-Intern-in-the-ESA&apos;s-Space-Safety-Programme%2C-Space-Safety-coordination/1136514901/,Intern,30 November 2024 23:59 CET/CEST,"Paris, FR"
Intern in the Clean Space Office of ESA's Space Safety Programme,https://jobs.esa.int/job/Noordwijk-Intern-in-the-Clean-Space-Office-of-ESA&apos;s-Space-Safety-Programme/1136515801/,Intern,30 November 2024 23:59 CET/CEST,"Paris, FR • Darmstadt, DE • Noordwijk, NL"
Intern in the Space Debris Office of the Space Safety Programme,https://jobs.esa.int/job/Darmstadt-Intern-in-the-Space-Debris-Office-of-the-Space-Safety-Programme/1136516801/,Intern,30 November 2024 23:59 CET/CEST,"Noordwijk, NL • Darmstadt, DE"
Intern in the Planetary Defense Office of ESA's Space Safety Programme,https://jobs.esa.int/job/Frascati-Intern-in-the-Planetary-Defense-Office-of-ESA&apos;s-Space-Safety-Programme/1136517201/,Intern,30 November 2024 23:59 CET/CEST,"Frascati, IT"
Intern in the Space Safety Programme Coordination and Protect Accelerator Support,https://jobs.esa.int/job/Paris-Intern-in-the-Space-Safety-Programme-Coordination-and-Protect-Accelerator-Support/1136519301/,Intern,30 November 2024 23:59 CET/CEST,"Paris, FR"
"Intern in the Gaia OPS-SAT Mission Operations Unit, Mission Operations Department",https://jobs.esa.int/job/Darmstadt-Intern-in-the-Gaia-OPS-SAT-Mission-Operations-Unit%2C-Mission-Operations-Department/1136507601/,Intern,30 November 2024 23:59 CET/CEST,"Darmstadt, DE"
Intern in Propulsion Test Facilities: Fluid characteristics sheet,https://jobs.esa.int/job/Paris-Intern-in-Propulsion-Test-Facilities-Fluid-characteristics-sheet/1136380201/,Intern,30 November 2024 23:59 CET/CEST,"Paris, FR"
"Intern in the Science Operations Department, A Copilot for ESA Datalabs",https://jobs.esa.int/job/Madrid-Intern-in-the-Science-Operations-Department%2C-A-Copilot-for-ESA-Datalabs/1136436501/,Intern,30 November 2024 23:59 CET/CEST,"Madrid, ES"
Intern in the Data Science and Archive Division to build visualisation tools for planetary data,https://jobs.esa.int/job/Madrid-Intern-in-the-Data-Science-and-Archive-Division-to-build-visualisation-tools-for-planetary-data/1136445301/,Intern,30 November 2024 23:59 CET/CEST,"Madrid, ES"
"Intern in the Science Operations Department, JUICE Science Activity Plan Development",https://jobs.esa.int/job/Madrid-Intern-in-the-Science-Operations-Department%2C-JUICE-Science-Activity-Plan-Development/1136459501/,Intern,30 November 2024 23:59 CET/CEST,"Madrid, ES"
"Intern in the Science Operations Department, Exploring potential of AI to boost Product Assurance",https://jobs.esa.int/job/Madrid-Intern-in-the-Science-Operations-Department%2C-Exploring-potential-of-AI-to-boost-Product-Assurance/1136461001/,Intern,30 November 2024 23:59 CET/CEST,"Madrid, ES"
"Intern in the Biomass/Flex/Cryosat & Swarm Mission Operations Unit, Mission Operations Department",https://jobs.esa.int/job/Darmstadt-Intern-in-the-BiomassFlexCryosat-&-Swarm-Mission-Operations-Unit%2C-Mission-Operations-Department/1136508801/,Intern,30 November 2024 23:59 CET/CEST,"Darmstadt, DE"
"Intern in the Optical Technologies Section, Quantum optical communication site characterisation",https://jobs.esa.int/job/Darmstadt-Intern-in-the-Optical-Technologies-Section%2C-Quantum-optical-communication-site-characterisation/1136510201/,Intern,30 November 2024 23:59 CET/CEST,"Darmstadt, DE"
Intern in the Mission Operations Infrastructure IT and Operations Control Centre Section,https://jobs.esa.int/job/Darmstadt-Intern-in-the-Mission-Operations-Infrastructure-IT-and-Operations-Control-Centre-Section/1136511701/,Intern,30 November 2024 23:59 CET/CEST,"Darmstadt, DE"
"Intern in the ESTRACK Stations and Infrastructure Section, Mission Operations Department",https://jobs.esa.int/job/Darmstadt-Intern-in-the-ESTRACK-Stations-and-Infrastructure-Section%2C-Mission-Operations-Department/1136512301/,Intern,30 November 2024 23:59 CET/CEST,"Darmstadt, DE"
"Intern in the Mars Orbiting Missions Operations Section, Mission Operations Department",https://jobs.esa.int/job/Darmstadt-Intern-in-the-Mars-Orbiting-Missions-Operations-Section%2C-Mission-Operations-Department/1136512901/,Intern,30 November 2024 23:59 CET/CEST,"Darmstadt, DE"
Intern in the Vega and Space Rider Mechanical and Propulsion Engineering - Turbines,https://jobs.esa.int/job/Frascati-Intern-in-the-Vega-and-Space-Rider-Mechanical-and-Propulsion-Engineering-Turbines/1136395701/,Intern,30 November 2024 23:59 CET/CEST,"Frascati, IT"
Intern in the Vega and Space Rider Mechanical and Propulsion Engineering - Pumps,https://jobs.esa.int/job/Frascati-Intern-in-the-Vega-and-Space-Rider-Mechanical-and-Propulsion-Engineering-Pumps/1136398301/,Intern,30 November 2024 23:59 CET/CEST,"Frascati, IT"
Intern in the Launcher Propulsion Technology Maturation Project Support,https://jobs.esa.int/job/Paris-Intern-in-the-Launcher-Propulsion-Technology-Maturation-Project-Support/1136401001/,Intern,30 November 2024 23:59 CET/CEST,"Paris, FR"
Intern with the Special Advisor for Political Affairs,https://jobs.esa.int/job/Paris-Intern-with-the-Special-Advisor-for-Political-Affairs/1136402201/,Intern,30 November 2024 23:59 CET/CEST,"Paris, FR"
"Intern in the Space Rider Programme, Directorate of Space Transportation",https://jobs.esa.int/job/Frascati-Intern-in-the-Space-Rider-Programme%2C-Directorate-of-Space-Transportation/1136392501/,Intern,30 November 2024 23:59 CET/CEST,"Frascati, IT"
Intern in the Flight Programmes Operational Safety and Launch System licensing Office,https://jobs.esa.int/job/Paris-Intern-in-the-Flight-Programmes-Operational-Safety-and-Launch-System-licensing-Office/1136388101/,Intern,30 November 2024 23:59 CET/CEST,"Paris, FR"
"Intern in the Science Engagement and Oversight Office, Exoplanet hunting",https://jobs.esa.int/job/Madrid-Intern-in-the-Science-Engagement-and-Oversight-Office%2C-Exoplanet-hunting/1136475501/,Intern,30 November 2024 23:59 CET/CEST,"Madrid, ES"
Intern in the OPS Product Assurance and Safety Office,https://jobs.esa.int/job/Darmstadt-Intern-in-the-OPS-Product-Assurance-and-Safety-Office/1136498001/,Intern,30 November 2024 23:59 CET/CEST,"Darmstadt, DE"
Intern in the Disruption Tolerant Networking,https://jobs.esa.int/job/Darmstadt-Intern-in-the-Disruption-Tolerant-Networking/1136498301/,Intern,30 November 2024 23:59 CET/CEST,"Darmstadt, DE"
"Intern in the Applications Technical Capabilities Section, Information Technology Department",https://jobs.esa.int/job/Noordwijk-Intern-in-the-Applications-Technical-Capabilities-Section%2C-Information-Technology-Department/1136493801/,Intern,30 November 2024 23:59 CET/CEST,"Noordwijk, NL"
"Intern in the Information Technology Department, Rapid Prototyping IT solutions",https://jobs.esa.int/job/Noordwijk-Intern-in-the-Information-Technology-Department%2C-Rapid-Prototyping-IT-solutions/1136495801/,Intern,30 November 2024 23:59 CET/CEST,"Noordwijk, NL"
"Intern in the Strategy and Transformation Office, Innovation Support",https://jobs.esa.int/job/Darmstadt-Intern-in-the-Strategy-and-Transformation-Office%2C-Innovation-Support/1136496201/,Intern,30 November 2024 23:59 CET/CEST,"Darmstadt, DE"
Intern in the Ground Systems Engineering & Innovation Department,https://jobs.esa.int/job/Darmstadt-Intern-in-the-Ground-Systems-Engineering-&-Innovation-Department/1136496701/,Intern,30 November 2024 23:59 CET/CEST,"Darmstadt, DE"
"Intern in the Industrial Policy and Auditing Department, Capability and Country Support Division",https://jobs.esa.int/job/Noordwijk-Intern-in-the-Industrial-Policy-and-Auditing-Department%2C-Capability-and-Country-Support-Division/1136303501/,Intern,30 November 2024 23:59 CET/CEST,"Noordwijk, NL"
"Intern in the Industrial Policy and Auditing Department, Industrial Return and Analytics Office",https://jobs.esa.int/job/Paris-Intern-in-the-Industrial-Policy-and-Auditing-Department%2C-Industrial-Return-and-Analytics-Office/1136305901/,Intern,30 November 2024 23:59 CET/CEST,"Noordwijk, NL • Paris, FR"
Intern in the Space Markets Office,https://jobs.esa.int/job/Harwell-Intern-in-the-Space-Markets-Office/1136321401/,Intern,30 November 2024 23:59 CET/CEST,"Harwell, GB"
"Intern in the Industrial Policy and Space Economy Division, Product Mapping",https://jobs.esa.int/job/Noordwijk-Intern-in-the-Industrial-Policy-and-Space-Economy-Division%2C-Product-Mapping/1136311301/,Intern,30 November 2024 23:59 CET/CEST,"Noordwijk, NL"
Intern in the Space Transportation and Headquarters Contracts Division,https://jobs.esa.int/job/Paris-Intern-in-the-Space-Transportation-and-Headquarters-Contracts-Division/1136313901/,Intern,30 November 2024 23:59 CET/CEST,"Paris, FR"
Intern in the Industrial Policy and Space Economy Division,https://jobs.esa.int/job/Paris-Intern-in-the-Industrial-Policy-and-Space-Economy-Division/1136309001/,Intern,30 November 2024 23:59 CET/CEST,"Paris, FR"
Intern in the SME Section of the Industrial Policy and Auditing Department,https://jobs.esa.int/job/Paris-Intern-in-the-SME-Section-of-the-Industrial-Policy-and-Auditing-Department/1136301101/,Intern,30 November 2024 23:59 CET/CEST,"Paris, FR"
"Intern in the Future Space Transportation Preparation Department, Commercialisation",https://jobs.esa.int/job/Paris-Intern-in-the-Future-Space-Transportation-Preparation-Department%2C-Commercialisation/1136364101/,Intern,30 November 2024 23:59 CET/CEST,"Paris, FR"
Intern in the Commercialisation Services Department,https://jobs.esa.int/job/Noordwijk-Intern-in-the-Commercialisation-Services-Department/1136336201/,Intern,30 November 2024 23:59 CET/CEST,"Paris, FR • Harwell, GB • Noordwijk, NL"
Intern in the Space Applications Initiatives Section,https://jobs.esa.int/job/Harwell-Intern-in-the-Space-Applications-Initiatives-Section/1136330001/,Intern,30 November 2024 23:59 CET/CEST,"Harwell, GB"
Intern in the Applications and Solutions Department,https://jobs.esa.int/job/Harwell-Intern-in-the-Applications-and-Solutions-Department/1136331701/,Intern,30 November 2024 23:59 CET/CEST,"Harwell, GB"
"Intern in the Science Engagement and Oversight Office, Observation of Solar Energetic Particles",https://jobs.esa.int/job/Madrid-Intern-in-the-Science-Engagement-and-Oversight-Office%2C-Observation-of-Solar-Energetic-Particles/1136489101/,Intern,30 November 2024 23:59 CET/CEST,"Madrid, ES"
"Intern in the Science Operations Department, Searching For Anomolous Galaxies in Science Archives",https://jobs.esa.int/job/Madrid-Intern-in-the-Science-Operations-Department%2C-Searching-For-Anomolous-Galaxies-in-Science-Archives/1136491001/,Intern,30 November 2024 23:59 CET/CEST,"Madrid, ES"
"Intern in the Finance, Planning & Controlling Department, Financial Operations Division",https://jobs.esa.int/job/Noordwijk-Intern-in-the-Finance%2C-Planning-&-Controlling-Department%2C-Financial-Operations-Division/1136492201/,Intern,30 November 2024 23:59 CET/CEST,"Noordwijk, NL"
"Intern in the Infrastructure & Value Chain Department, CSG Georeturn Data Assessment Automation",https://jobs.esa.int/job/Paris-Intern-in-the-Infrastructure-&-Value-Chain-Department%2C-CSG-Georeturn-Data-Assessment-Automation/1136376501/,Intern,30 November 2024 23:59 CET/CEST,"Paris, FR"
"Intern in the Infrastructure & Value Chain Department, Technical competencies analysis",https://jobs.esa.int/job/Paris-Intern-in-the-Infrastructure-&-Value-Chain-Department%2C-Technical-competencies-analysis/1136375301/,Intern,30 November 2024 23:59 CET/CEST,"Paris, FR"
Intern in the Ground Segment System & Cybersecurity Engineering Section,https://jobs.esa.int/job/Darmstadt-Intern-in-the-Ground-Segment-System-&-Cybersecurity-Engineering-Section/1136520801/,Intern,30 November 2024 23:59 CET/CEST,"Darmstadt, DE"
"Intern in the AI, Data Foundation and Digital Twins domains",https://jobs.esa.int/job/Darmstadt-Intern-in-the-AI%2C-Data-Foundation-and-Digital-Twins-domains/1136521001/,Intern,30 November 2024 23:59 CET/CEST,"Darmstadt, DE"
